main_mode,user
pt,0.1630445040891789
car,0.3870760553176311
ride,0.16700096730641525
walk,0.3177808474256387
bike,0.11064980061817771
