main_mode,user
car,0.4341552437996383
walk,0.3503894856000088
ride,0.19986785590441186
bike,0.11747221630545324
pt,0.17432894056524606
